<?xml version="1.0" encoding="UTF-8"?>
<archestra_pdf_content_version_2_2><product_version iasversion="20.0.00000" cdiversion="5800.0474.6812.2"/><template tag_name="$Widget" gobjectid="692" file_name="Widget1.aaPDF" config_version="1" codebase="ArchestrA.Widget.1" security_group="" host_name="" area_name="" cont_name="" toolset_name="" is_protected="1"><derived_templates/><derived_instances><instance tag_name="Widget_001" gobjectid="1033" file_name="1033.txt" config_version="1" codebase="ArchestrA.Widget.1" security_group="Default" host_name="" area_name="" cont_name="" toolset_name=""/></derived_instances></template><IODeviceMap filename="IOBindingExport.xml"/><TotalObjectCount objectcount="2"/></archestra_pdf_content_version_2_2>
